-- phpMyAdmin SQL Dump
-- version 4.9.1
-- https://www.phpmyadmin.net/
--
-- Máy chủ: localhost
-- Thời gian đã tạo: Th6 17, 2022 lúc 03:11 PM
-- Phiên bản máy phục vụ: 8.0.17
-- Phiên bản PHP: 7.3.10

SET SQL_MODE = "NO_AUTO_VALUE_ON_ZERO";
SET AUTOCOMMIT = 0;
START TRANSACTION;
SET time_zone = "+00:00";


/*!40101 SET @OLD_CHARACTER_SET_CLIENT=@@CHARACTER_SET_CLIENT */;
/*!40101 SET @OLD_CHARACTER_SET_RESULTS=@@CHARACTER_SET_RESULTS */;
/*!40101 SET @OLD_COLLATION_CONNECTION=@@COLLATION_CONNECTION */;
/*!40101 SET NAMES utf8mb4 */;

--
-- Cơ sở dữ liệu: `bandongho`
--

-- --------------------------------------------------------

--
-- Cấu trúc bảng cho bảng `tbl_admin`
--

CREATE TABLE `tbl_admin` (
  `id_admin` int(11) NOT NULL,
  `username` varchar(100) CHARACTER SET utf8mb4 COLLATE utf8mb4_unicode_ci NOT NULL,
  `password` varchar(100) CHARACTER SET utf8mb4 COLLATE utf8mb4_unicode_ci NOT NULL
) ENGINE=InnoDB DEFAULT CHARSET=utf8mb4 COLLATE=utf8mb4_unicode_ci;

--
-- Đang đổ dữ liệu cho bảng `tbl_admin`
--

INSERT INTO `tbl_admin` (`id_admin`, `username`, `password`) VALUES
(1, 'admin', 'c4ca4238a0b923820dcc509a6f75849b');

-- --------------------------------------------------------

--
-- Cấu trúc bảng cho bảng `tbl_cart_detail`
--

CREATE TABLE `tbl_cart_detail` (
  `id_cart_detail` int(11) NOT NULL,
  `code_cart` varchar(11) CHARACTER SET utf8mb4 COLLATE utf8mb4_unicode_ci NOT NULL,
  `id_sanpham` int(11) NOT NULL,
  `soluongmua` int(11) NOT NULL
) ENGINE=InnoDB DEFAULT CHARSET=utf8mb4 COLLATE=utf8mb4_unicode_ci;

--
-- Đang đổ dữ liệu cho bảng `tbl_cart_detail`
--

INSERT INTO `tbl_cart_detail` (`id_cart_detail`, `code_cart`, `id_sanpham`, `soluongmua`) VALUES
(28, '4095', 8, 2),
(29, '4095', 7, 1),
(34, '4469', 12, 1),
(35, '4469', 13, 1),
(36, '6875', 12, 1),
(37, '6875', 13, 1),
(38, '3524', 12, 1),
(39, '3524', 13, 1),
(40, '8326', 14, 1),
(41, '8326', 16, 1);

-- --------------------------------------------------------

--
-- Cấu trúc bảng cho bảng `tbl_dangky`
--

CREATE TABLE `tbl_dangky` (
  `id_khachhang` int(11) NOT NULL,
  `hovaten` varchar(250) CHARACTER SET utf8mb4 COLLATE utf8mb4_unicode_ci NOT NULL,
  `taikhoan` varchar(100) CHARACTER SET utf8mb4 COLLATE utf8mb4_unicode_ci NOT NULL,
  `matkhau` varchar(100) CHARACTER SET utf8mb4 COLLATE utf8mb4_unicode_ci NOT NULL,
  `sodienthoai` int(11) NOT NULL,
  `email` varchar(100) CHARACTER SET utf8mb4 COLLATE utf8mb4_unicode_ci NOT NULL,
  `diachi` text CHARACTER SET utf8mb4 COLLATE utf8mb4_unicode_ci NOT NULL,
  `chucvu` int(11) NOT NULL
) ENGINE=InnoDB DEFAULT CHARSET=utf8mb4 COLLATE=utf8mb4_unicode_ci;

--
-- Đang đổ dữ liệu cho bảng `tbl_dangky`
--

INSERT INTO `tbl_dangky` (`id_khachhang`, `hovaten`, `taikhoan`, `matkhau`, `sodienthoai`, `email`, `diachi`, `chucvu`) VALUES
(1, 'Nguyễn Minh Tâm', 'maki', 'c4ca4238a0b923820dcc509a6f75849b', 569029353, 'mikuohandsome@gmail.com', '																																																																																																																																										13/C																																																																																																																			', 1),
(9, 'Lê Văn Hùng', 'lehung', '202cb962ac59075b964b07152d234b70', 123456, 'lehung@gmail.com', 'Thanh Hóa', 0);

-- --------------------------------------------------------

--
-- Cấu trúc bảng cho bảng `tbl_danhmuc`
--

CREATE TABLE `tbl_danhmuc` (
  `id_danhmuc` int(11) NOT NULL,
  `tendanhmuc` varchar(100) CHARACTER SET utf8mb4 COLLATE utf8mb4_unicode_ci NOT NULL,
  `thutu` int(11) NOT NULL
) ENGINE=InnoDB DEFAULT CHARSET=utf8mb4 COLLATE=utf8mb4_unicode_ci;

--
-- Đang đổ dữ liệu cho bảng `tbl_danhmuc`
--

INSERT INTO `tbl_danhmuc` (`id_danhmuc`, `tendanhmuc`, `thutu`) VALUES
(1, 'Laptop ', 1),
(2, 'Điện thoại', 2),
(3, 'Đồng hồ thông minh', 3),
(4, 'Tai nghe bluetooth', 4);



-- --------------------------------------------------------

--
-- Cấu trúc bảng cho bảng `tbl_giohang`
--

CREATE TABLE `tbl_giohang` (
  `id_cart` int(11) NOT NULL,
  `id_khachhang` int(11) NOT NULL,
  `code_cart` varchar(11) CHARACTER SET utf8mb4 COLLATE utf8mb4_unicode_ci NOT NULL,
  `cart_status` int(11) NOT NULL,
  `cart_payment` varchar(100) CHARACTER SET utf8mb4 COLLATE utf8mb4_unicode_ci NOT NULL
) ENGINE=InnoDB DEFAULT CHARSET=utf8mb4 COLLATE=utf8mb4_unicode_ci;

--
-- Đang đổ dữ liệu cho bảng `tbl_giohang`
--

INSERT INTO `tbl_giohang` (`id_cart`, `id_khachhang`, `code_cart`, `cart_status`, `cart_payment`) VALUES
(28, 1, '4095', 0, '0'),
(31, 1, '1378', 0, '0'),
(32, 3, '6909', 0, '0'),
(34, 3, '3504', 0, '0'),
(35, 3, '4469', 0, '0'),
(36, 3, '6875', 1, 'tienmat'),
(37, 3, '3524', 1, 'Chuyển Khoảng'),
(38, 9, '8326', 1, 'Tiền Mặt');

-- --------------------------------------------------------

--
-- Cấu trúc bảng cho bảng `tbl_sanpham`
--

CREATE TABLE `tbl_sanpham` (
  `id_sanpham` int(11) NOT NULL,
  `tensanpham` varchar(100) CHARACTER SET utf8mb4 COLLATE utf8mb4_unicode_ci NOT NULL,
  `masanpham` varchar(100) CHARACTER SET utf8mb4 COLLATE utf8mb4_unicode_ci NOT NULL,
  `giasanpham` float NOT NULL,
  `soluong` int(11) NOT NULL,
  `hinhanh` varchar(100) CHARACTER SET utf8mb4 COLLATE utf8mb4_unicode_ci NOT NULL,
  `tomtat` tinytext CHARACTER SET utf8mb4 COLLATE utf8mb4_unicode_ci NOT NULL,
  `noidung` text CHARACTER SET utf8mb4 COLLATE utf8mb4_unicode_ci NOT NULL,
  `id_danhmuc` int(11) NOT NULL,
  `trangthai` int(11) NOT NULL
) ENGINE=InnoDB DEFAULT CHARSET=utf8mb4 COLLATE=utf8mb4_unicode_ci;

--
-- Đang đổ dữ liệu cho bảng `tbl_sanpham`
--

INSERT INTO `tbl_sanpham` (`id_sanpham`, `tensanpham`, `masanpham`, `giasanpham`, `soluong`, `hinhanh`, `tomtat`, `noidung`, `id_danhmuc`, `trangthai`) VALUES
(5, 'Laptop gaming thuong hieu Dell', 'MHAQUA', 1000000, 2, 'LaptopGaming1.jpg', 'aaaaa', 'gggggg', 1, 1),
(6, 'Laptop gaming thuong hieu Asus', 'MHFBK', 1200000, 1, 'LaptopGaming2.jpg', 'Laptop phu hop voi cac ban sinh vien cong nghe thong tin', 'Gia re', 1, 0),
(7, 'Laptop gaming thuong hieu Apple', 'MHOKU', 1500000, 1, 'LaptopGaming3.jpg', 'Laptop phu hop voi cac ban sinh vien cong nghe thong tin', 'Gia re', 1, 1),
(8, 'Laptop van phong ', 'MHAQUACB', 500000, 12, 'LaptopAsus.jpg', 'Laptop phu hop voi cac ban sinh vien cong nghe thong tin', 'Gia re', 1, 0),
(10, 'Laptop van phong hang Asus', 'MTBHiV', 3000000, 3, 'LaptopDell2.jpg', 'Laptop phu hop voi cac ban sinh vien cong nghe thong tin', 'Gia re', 1, 0),
(11, 'Laptop van phong hang HP', 'GDUGN0', 3000000, 1, 'LaptopDell3.jpg', 'Laptop phu hop voi cac ban sinh vien cong nghe thong tin', 'Gia re', 1, 0),
(12, 'Laptop van phong hang Apple', 'MTBJG', 3500000, 1, 'LaptopGaming3.jpg', 'Laptop phu hop voi cac ban sinh vien cong nghe thong tin', 'Gia dat', 1, 0),
(13, 'Điện thoại samsung mới nhất', 'MHCBKOMI', 700000, 2, 'DienthoaiSS.jpg', 'Dien thoai phu hop voi cac ban sinh vien cong nghe thong tin', 'Gia dat', 2, 1),
(14, 'Điện thoại Oppo mới', 'MHGSBARA', 1700000, 2, 'DienThoaiOpple2.jpg', 'Dien thoai phu hop voi cac ban sinh vien cong nghe thong tin', 'Giam gia ', 2, 1),
(15, 'Điện thoại Iphone 12 plus', 'MHSAWH', 1600000, 1, 'DienthoaiApple2.jpg', 'Dien thoai phu hop voi cac ban sinh vien cong nghe thong tin', 'Giam gia', 2, 1),
(16, 'Điện thoại Nokia 11P ', 'MHCBMATSURI', 15000000, 1, 'DienthoaiNokia.jpg', 'Dien thoai phu hop voi cac ban sinh vien cong nghe thong tin', 'Giam gia', 2, 0),
(17, 'Điện thoại Iphone 15 pro', 'asdfdf', 43990000, 12, 'DienthoaiApple1.jpg', 'Dien thoai phu hop voi cac ban sinh vien cong nghe thong tin', 'Gia re', 2, 0),
(18, 'Tai nghe SamSung', 'AFFC', 2990000, 5, 'Tainghe1.jpg', 'Tai nghe phu hop voi cac ban sinh vien cong nghe thong tin', 'Giam gia', 4, 0),
(19, 'Tai Nghe Apple 13', 'VNDC', 19990000, 3, 'Tainghe2.jpeg', 'Tai nghe phu hop voi cac ban sinh vien cong nghe thong tin', 'Giam gia', 4, 0),
(20, 'Đồng hồ Samartphone', 'MESSI', 5999000, 6, 'Dongho1.jpg', 'Dong ho phu hop voi cac ban sinh vien cong nghe thong tin', 'Gia dat', 3, 0);

-- --------------------------------------------------------

--
-- Cấu trúc bảng cho bảng `tbl_shipping`
--

CREATE TABLE `tbl_shipping` (
  `id_shipping` int(11) NOT NULL,
  `name` varchar(100) NOT NULL,
  `phone` varchar(20) NOT NULL,
  `adress` varchar(250) NOT NULL,
  `note` varchar(250) NOT NULL,
  `id_dangky` int(11) NOT NULL
) ENGINE=InnoDB DEFAULT CHARSET=utf8mb4 COLLATE=utf8mb4_0900_ai_ci;

--
-- Đang đổ dữ liệu cho bảng `tbl_shipping`
--

INSERT INTO `tbl_shipping` (`id_shipping`, `name`, `phone`, `adress`, `note`, `id_dangky`) VALUES
(1, '', '', '', '', 3),
(2, '', '', '', '', 3),
(3, 'nguyễn Minh Tâm', '05658421', '23/C', '', 1),
(4, 'Pham Anh Vinh', '', '', '', 3),
(5, 'Pham Anh Vinh', '', '', '', 3);

--
-- Chỉ mục cho các bảng đã đổ
--

--
-- Chỉ mục cho bảng `tbl_admin`
--
ALTER TABLE `tbl_admin`
  ADD PRIMARY KEY (`id_admin`);

--
-- Chỉ mục cho bảng `tbl_cart_detail`
--
ALTER TABLE `tbl_cart_detail`
  ADD PRIMARY KEY (`id_cart_detail`);

--
-- Chỉ mục cho bảng `tbl_dangky`
--
ALTER TABLE `tbl_dangky`
  ADD PRIMARY KEY (`id_khachhang`);

--
-- Chỉ mục cho bảng `tbl_danhmuc`
--
ALTER TABLE `tbl_danhmuc`
  ADD PRIMARY KEY (`id_danhmuc`);

--
-- Chỉ mục cho bảng `tbl_giohang`
--
ALTER TABLE `tbl_giohang`
  ADD PRIMARY KEY (`id_cart`);

--
-- Chỉ mục cho bảng `tbl_sanpham`
--
ALTER TABLE `tbl_sanpham`
  ADD PRIMARY KEY (`id_sanpham`);

--
-- Chỉ mục cho bảng `tbl_shipping`
--
ALTER TABLE `tbl_shipping`
  ADD PRIMARY KEY (`id_shipping`);

--
-- AUTO_INCREMENT cho các bảng đã đổ
--

--
-- AUTO_INCREMENT cho bảng `tbl_admin`
--
ALTER TABLE `tbl_admin`
  MODIFY `id_admin` int(11) NOT NULL AUTO_INCREMENT, AUTO_INCREMENT=2;

--
-- AUTO_INCREMENT cho bảng `tbl_cart_detail`
--
ALTER TABLE `tbl_cart_detail`
  MODIFY `id_cart_detail` int(11) NOT NULL AUTO_INCREMENT, AUTO_INCREMENT=42;

--
-- AUTO_INCREMENT cho bảng `tbl_dangky`
--
ALTER TABLE `tbl_dangky`
  MODIFY `id_khachhang` int(11) NOT NULL AUTO_INCREMENT, AUTO_INCREMENT=10;

--
-- AUTO_INCREMENT cho bảng `tbl_danhmuc`
--
ALTER TABLE `tbl_danhmuc`
  MODIFY `id_danhmuc` int(11) NOT NULL AUTO_INCREMENT, AUTO_INCREMENT=9;

--
-- AUTO_INCREMENT cho bảng `tbl_giohang`
--
ALTER TABLE `tbl_giohang`
  MODIFY `id_cart` int(11) NOT NULL AUTO_INCREMENT, AUTO_INCREMENT=39;

--
-- AUTO_INCREMENT cho bảng `tbl_sanpham`
--
ALTER TABLE `tbl_sanpham`
  MODIFY `id_sanpham` int(11) NOT NULL AUTO_INCREMENT, AUTO_INCREMENT=21;

--
-- AUTO_INCREMENT cho bảng `tbl_shipping`
--
ALTER TABLE `tbl_shipping`
  MODIFY `id_shipping` int(11) NOT NULL AUTO_INCREMENT, AUTO_INCREMENT=6;
COMMIT;

/*!40101 SET CHARACTER_SET_CLIENT=@OLD_CHARACTER_SET_CLIENT */;
/*!40101 SET CHARACTER_SET_RESULTS=@OLD_CHARACTER_SET_RESULTS */;
/*!40101 SET COLLATION_CONNECTION=@OLD_COLLATION_CONNECTION */;